,y_mean,y_std,x_mean,x_std
0,11.297415417886954,15.171681335215906,11.305674438687593,15.168955112531812
1,28.29114392101073,36.6323373964237,28.295980755716464,36.629281417656514
2,13.766992684194042,16.904194398850244,13.694715641399933,16.88516111826444
3,33.76628505185218,39.14069271757766,33.602429446888806,39.110412457157
4,12.803980863535397,15.967169422672201,12.817338335408895,15.960720361009937
5,32.60532287900268,38.031327149044635,32.605739380187124,38.03112823600413
